Reboiler_Spec,Condenser_Spec,Condenser_Duty,Reboiler_Duty,T_top,T_mid,T_bottom,Condenser_Duty_pred,Reboiler_Duty_pred,T_top_pred,T_mid_pred,T_bottom_pred,Residual,Threshold,Anomaly,Health_Index_%
1.36,1.9,72.983,-74.3332,351.685,364.335,373.243,72.19500526113518,-73.54372499626015,351.6677379576717,364.2083547299183,373.24300000000136,0.34427541100320125,1.6431845723429646,0,98.60432470921742
1.36,1.94444,74.1005,-75.4512,351.685,364.483,373.243,73.24052335346326,-74.58984040538718,351.6665367499998,364.3490884666906,373.24300000000136,0.3747422048921038,1.6431845723429646,0,98.48081385116284
1.36,1.98889,75.2181,-76.5692,351.685,364.625,373.243,75.09771265449734,-76.44830690132272,351.6656665555553,364.5983317592593,373.24300000000136,0.05745642587334885,1.6431845723429646,0,99.76707452427566
1.36,2.03333,76.3355,-77.6871,351.684,364.762,373.243,75.62200199894177,-76.97276945238089,351.66102033068756,364.66332993386266,373.24300000000136,0.3098956568257023,1.6431845723429646,0,98.74369851250154
1.36,2.07778,77.4529,-78.805,351.684,364.895,373.243,76.03298795489415,-77.3837982376984,351.654731425926,364.7111040767201,373.24300000000136,0.6108556609525408,1.6431845723429646,0,97.52362171395916
1.36,2.12222,78.5703,-79.9228,351.683,365.024,373.243,76.9382690044973,-78.2894734281745,351.6553667010584,364.82124062963,373.24300000000136,0.6991500473282286,1.6431845723429646,0,97.16568068930023
1.36,2.16667,79.6871,-81.0403,351.683,365.148,373.243,77.25248039338622,-78.60364296706345,351.6472831931221,364.60797508201074,373.2431003333347,1.0894237395504434,1.6431845723429646,0,95.5835306679269
1.36,2.21111,80.8042,-82.1581,351.682,365.269,373.243,77.14787664854497,-78.49881048968248,351.63723009391555,363.7899797566142,373.2434232500012,1.7679652522488056,1.6431845723429646,1,92.83275732549227
1.36,2.25556,81.9214,-83.2757,351.682,365.386,373.243,77.14787664854497,-78.49881048968248,351.63723009391555,363.7899797566142,373.2434232500012,2.238325252248811,1.6431845723429646,1,90.92594141941412
1.36,2.3,83.0384,-84.3934,351.681,365.499,373.243,77.14787664854497,-78.49881048968248,351.63723009391555,363.7899797566142,373.2434232500012,2.707665252248802,1.6431845723429646,1,89.02326054230149
1.40889,1.9,83.0384,-84.3934,351.681,365.499,373.243,75.28616375595273,-76.63516316097919,351.6050079748667,364.55756359656147,373.24301416666805,3.3055831356615983,1.6431845723429646,1,86.59933135907994
1.40889,1.94444,83.0384,-84.3934,351.681,365.499,373.243,75.72269123214322,-77.07196876177282,351.60455668915233,364.5904247235456,373.24302500000135,3.124436718677478,1.6431845723429646,1,87.33368987008083
1.40889,1.98889,83.0384,-84.3934,351.681,365.499,373.243,76.31568835648183,-77.66540292777812,351.60404474999893,364.6126206944452,373.24304850000135,2.8828183542594585,1.6431845723429646,1,88.31319863033438
1.40889,2.03333,70.1192,-71.4609,351.562,362.341,373.243,76.44808515119082,-77.79784570555589,351.60233924999875,364.59680965476275,373.2430618333347,2.99240831896858,1.6431845723429646,1,87.8689263966115
1.40889,2.07778,71.1455,-72.4877,351.562,363.29,373.243,76.39028206230192,-77.73998662222255,351.6006411388876,364.4534822103184,373.2431168333346,2.339861773413014,1.6431845723429646,1,90.51431744287754
1.40889,2.12222,72.1719,-73.5146,351.561,363.811,373.243,76.32597944761932,-77.67565509841297,351.5999196309514,364.13304518650864,373.24324350000126,1.7352685726987231,1.6431845723429646,1,92.96530802844752
1.40889,2.16667,73.1923,-74.5383,351.56,363.83,373.243,76.18587148333351,-77.53545835238113,351.5971982460312,363.46386552777847,373.2435074523823,1.2789140012699307,1.6431845723429646,0,94.8153466278435
1.40889,2.21111,74.2184,-75.5649,351.56,364.185,373.243,75.78772094325412,-77.13698867738108,351.58820730158664,362.41491462301656,373.24391203571525,0.9881228669841079,1.6431845723429646,0,95.99419933683812
1.40889,2.25556,75.2445,-76.5915,351.559,364.432,373.243,75.78772094325412,-77.13698867738108,351.58820730158664,362.41491462301656,373.24391203571525,0.6271828669841056,1.6431845723429646,0,97.45743203762018
1.40889,2.3,76.2681,-77.6168,351.559,364.622,373.243,75.78772094325412,-77.13698867738108,351.58820730158664,362.41491462301656,373.24391203571525,0.6394790187300259,1.6431845723429646,0,97.40758405366601
1.45778,1.9,76.2681,-77.6168,351.559,364.622,373.243,73.66050000000043,-75.00820000000019,351.5470000000017,356.99499999999887,373.2459999999993,2.5716399999996384,1.6431845723429646,1,89.57470010905247
1.45778,1.94444,76.2681,-77.6168,351.559,364.622,373.243,73.66050000000043,-75.00820000000019,351.5470000000017,356.99499999999887,373.2459999999993,2.5716399999996384,1.6431845723429646,1,89.57470010905247
1.45778,1.98889,76.2681,-77.6168,351.559,364.622,373.243,73.66050000000043,-75.00820000000019,351.5470000000017,356.99499999999887,373.2459999999993,2.5716399999996384,1.6431845723429646,1,89.57470010905247
1.45778,2.03333,76.2681,-77.6168,351.559,364.622,373.243,73.66050000000043,-75.00820000000019,351.5470000000017,356.99499999999887,373.2459999999993,2.5716399999996384,1.6431845723429646,1,89.57470010905247
1.45778,2.07778,76.2681,-77.6168,351.559,364.622,373.243,73.66050000000043,-75.00820000000019,351.5470000000017,356.99499999999887,373.2459999999993,2.5716399999996384,1.6431845723429646,1,89.57470010905247
1.45778,2.12222,76.2681,-77.6168,351.559,364.622,373.243,73.66050000000043,-75.00820000000019,351.5470000000017,356.99499999999887,373.2459999999993,2.5716399999996384,1.6431845723429646,1,89.57470010905247
1.45778,2.16667,76.2681,-77.6168,351.559,364.622,373.243,73.66050000000043,-75.00820000000019,351.5470000000017,356.99499999999887,373.2459999999993,2.5716399999996384,1.6431845723429646,1,89.57470010905247
1.45778,2.21111,76.2681,-77.6168,351.559,364.622,373.243,73.66050000000043,-75.00820000000019,351.5470000000017,356.99499999999887,373.2459999999993,2.5716399999996384,1.6431845723429646,1,89.57470010905247
1.45778,2.25556,76.2681,-77.6168,351.559,364.622,373.243,73.66050000000043,-75.00820000000019,351.5470000000017,356.99499999999887,373.2459999999993,2.5716399999996384,1.6431845723429646,1,89.57470010905247
1.45778,2.3,76.2681,-77.6168,351.559,364.622,373.243,73.66050000000043,-75.00820000000019,351.5470000000017,356.99499999999887,373.2459999999993,2.5716399999996384,1.6431845723429646,1,89.57470010905247
1.50667,1.9,76.2681,-77.6168,351.559,364.622,373.243,73.66050000000043,-75.00820000000019,351.5470000000017,356.99499999999887,373.2459999999993,2.5716399999996384,1.6431845723429646,1,89.57470010905247
1.50667,1.94444,76.2681,-77.6168,351.559,364.622,373.243,73.66050000000043,-75.00820000000019,351.5470000000017,356.99499999999887,373.2459999999993,2.5716399999996384,1.6431845723429646,1,89.57470010905247
1.50667,1.98889,76.2681,-77.6168,351.559,364.622,373.243,73.66050000000043,-75.00820000000019,351.5470000000017,356.99499999999887,373.2459999999993,2.5716399999996384,1.6431845723429646,1,89.57470010905247
1.50667,2.03333,76.2681,-77.6168,351.559,364.622,373.243,73.66050000000043,-75.00820000000019,351.5470000000017,356.99499999999887,373.2459999999993,2.5716399999996384,1.6431845723429646,1,89.57470010905247
1.50667,2.07778,76.2681,-77.6168,351.559,364.622,373.243,73.66050000000043,-75.00820000000019,351.5470000000017,356.99499999999887,373.2459999999993,2.5716399999996384,1.6431845723429646,1,89.57470010905247
1.50667,2.12222,76.2681,-77.6168,351.559,364.622,373.243,73.66050000000043,-75.00820000000019,351.5470000000017,356.99499999999887,373.2459999999993,2.5716399999996384,1.6431845723429646,1,89.57470010905247
1.50667,2.16667,76.2681,-77.6168,351.559,364.622,373.243,73.66050000000043,-75.00820000000019,351.5470000000017,356.99499999999887,373.2459999999993,2.5716399999996384,1.6431845723429646,1,89.57470010905247
1.50667,2.21111,76.2681,-77.6168,351.559,364.622,373.243,73.66050000000043,-75.00820000000019,351.5470000000017,356.99499999999887,373.2459999999993,2.5716399999996384,1.6431845723429646,1,89.57470010905247
1.50667,2.25556,76.2681,-77.6168,351.559,364.622,373.243,73.66050000000043,-75.00820000000019,351.5470000000017,356.99499999999887,373.2459999999993,2.5716399999996384,1.6431845723429646,1,89.57470010905247
1.50667,2.3,76.2681,-77.6168,351.559,364.622,373.243,73.66050000000043,-75.00820000000019,351.5470000000017,356.99499999999887,373.2459999999993,2.5716399999996384,1.6431845723429646,1,89.57470010905247
1.55556,1.9,76.2681,-77.6168,351.559,364.622,373.243,73.66050000000043,-75.00820000000019,351.5470000000017,356.99499999999887,373.2459999999993,2.5716399999996384,1.6431845723429646,1,89.57470010905247
1.55556,1.94444,76.2681,-77.6168,351.559,364.622,373.243,73.66050000000043,-75.00820000000019,351.5470000000017,356.99499999999887,373.2459999999993,2.5716399999996384,1.6431845723429646,1,89.57470010905247
1.55556,1.98889,76.2681,-77.6168,351.559,364.622,373.243,73.66050000000043,-75.00820000000019,351.5470000000017,356.99499999999887,373.2459999999993,2.5716399999996384,1.6431845723429646,1,89.57470010905247
1.55556,2.03333,76.2681,-77.6168,351.559,364.622,373.243,73.66050000000043,-75.00820000000019,351.5470000000017,356.99499999999887,373.2459999999993,2.5716399999996384,1.6431845723429646,1,89.57470010905247
1.55556,2.07778,76.2681,-77.6168,351.559,364.622,373.243,73.66050000000043,-75.00820000000019,351.5470000000017,356.99499999999887,373.2459999999993,2.5716399999996384,1.6431845723429646,1,89.57470010905247
1.55556,2.12222,76.2681,-77.6168,351.559,364.622,373.243,73.66050000000043,-75.00820000000019,351.5470000000017,356.99499999999887,373.2459999999993,2.5716399999996384,1.6431845723429646,1,89.57470010905247
1.55556,2.16667,76.2681,-77.6168,351.559,364.622,373.243,73.66050000000043,-75.00820000000019,351.5470000000017,356.99499999999887,373.2459999999993,2.5716399999996384,1.6431845723429646,1,89.57470010905247
1.55556,2.21111,76.2681,-77.6168,351.559,364.622,373.243,73.66050000000043,-75.00820000000019,351.5470000000017,356.99499999999887,373.2459999999993,2.5716399999996384,1.6431845723429646,1,89.57470010905247
1.55556,2.25556,76.2681,-77.6168,351.559,364.622,373.243,73.66050000000043,-75.00820000000019,351.5470000000017,356.99499999999887,373.2459999999993,2.5716399999996384,1.6431845723429646,1,89.57470010905247
1.55556,2.3,76.2681,-77.6168,351.559,364.622,373.243,73.66050000000043,-75.00820000000019,351.5470000000017,356.99499999999887,373.2459999999993,2.5716399999996384,1.6431845723429646,1,89.57470010905247
1.60444,1.9,76.2681,-77.6168,351.559,364.622,373.243,73.66050000000043,-75.00820000000019,351.5470000000017,356.99499999999887,373.2459999999993,2.5716399999996384,1.6431845723429646,1,89.57470010905247
1.60444,1.94444,76.2681,-77.6168,351.559,364.622,373.243,73.66050000000043,-75.00820000000019,351.5470000000017,356.99499999999887,373.2459999999993,2.5716399999996384,1.6431845723429646,1,89.57470010905247
1.60444,1.98889,76.2681,-77.6168,351.559,364.622,373.243,73.66050000000043,-75.00820000000019,351.5470000000017,356.99499999999887,373.2459999999993,2.5716399999996384,1.6431845723429646,1,89.57470010905247
1.60444,2.03333,76.2681,-77.6168,351.559,364.622,373.243,73.66050000000043,-75.00820000000019,351.5470000000017,356.99499999999887,373.2459999999993,2.5716399999996384,1.6431845723429646,1,89.57470010905247
1.60444,2.07778,76.2681,-77.6168,351.559,364.622,373.243,73.66050000000043,-75.00820000000019,351.5470000000017,356.99499999999887,373.2459999999993,2.5716399999996384,1.6431845723429646,1,89.57470010905247
1.60444,2.12222,76.2681,-77.6168,351.559,364.622,373.243,73.66050000000043,-75.00820000000019,351.5470000000017,356.99499999999887,373.2459999999993,2.5716399999996384,1.6431845723429646,1,89.57470010905247
1.60444,2.16667,76.2681,-77.6168,351.559,364.622,373.243,73.66050000000043,-75.00820000000019,351.5470000000017,356.99499999999887,373.2459999999993,2.5716399999996384,1.6431845723429646,1,89.57470010905247
1.60444,2.21111,76.2681,-77.6168,351.559,364.622,373.243,73.66050000000043,-75.00820000000019,351.5470000000017,356.99499999999887,373.2459999999993,2.5716399999996384,1.6431845723429646,1,89.57470010905247
1.60444,2.25556,76.2681,-77.6168,351.559,364.622,373.243,73.66050000000043,-75.00820000000019,351.5470000000017,356.99499999999887,373.2459999999993,2.5716399999996384,1.6431845723429646,1,89.57470010905247
1.60444,2.3,76.2681,-77.6168,351.559,364.622,373.243,73.66050000000043,-75.00820000000019,351.5470000000017,356.99499999999887,373.2459999999993,2.5716399999996384,1.6431845723429646,1,89.57470010905247
1.65333,1.9,76.2681,-77.6168,351.559,364.622,373.243,73.66050000000043,-75.00820000000019,351.5470000000017,356.99499999999887,373.2459999999993,2.5716399999996384,1.6431845723429646,1,89.57470010905247
1.65333,1.94444,76.2681,-77.6168,351.559,364.622,373.243,73.66050000000043,-75.00820000000019,351.5470000000017,356.99499999999887,373.2459999999993,2.5716399999996384,1.6431845723429646,1,89.57470010905247
1.65333,1.98889,76.2681,-77.6168,351.559,364.622,373.243,73.66050000000043,-75.00820000000019,351.5470000000017,356.99499999999887,373.2459999999993,2.5716399999996384,1.6431845723429646,1,89.57470010905247
1.65333,2.03333,76.2681,-77.6168,351.559,364.622,373.243,73.66050000000043,-75.00820000000019,351.5470000000017,356.99499999999887,373.2459999999993,2.5716399999996384,1.6431845723429646,1,89.57470010905247
1.65333,2.07778,76.2681,-77.6168,351.559,364.622,373.243,73.66050000000043,-75.00820000000019,351.5470000000017,356.99499999999887,373.2459999999993,2.5716399999996384,1.6431845723429646,1,89.57470010905247
1.65333,2.12222,76.2681,-77.6168,351.559,364.622,373.243,73.66050000000043,-75.00820000000019,351.5470000000017,356.99499999999887,373.2459999999993,2.5716399999996384,1.6431845723429646,1,89.57470010905247
1.65333,2.16667,76.2681,-77.6168,351.559,364.622,373.243,73.66050000000043,-75.00820000000019,351.5470000000017,356.99499999999887,373.2459999999993,2.5716399999996384,1.6431845723429646,1,89.57470010905247
1.65333,2.21111,76.2681,-77.6168,351.559,364.622,373.243,73.66050000000043,-75.00820000000019,351.5470000000017,356.99499999999887,373.2459999999993,2.5716399999996384,1.6431845723429646,1,89.57470010905247
1.65333,2.25556,76.2681,-77.6168,351.559,364.622,373.243,73.66050000000043,-75.00820000000019,351.5470000000017,356.99499999999887,373.2459999999993,2.5716399999996384,1.6431845723429646,1,89.57470010905247
1.65333,2.3,76.2681,-77.6168,351.559,364.622,373.243,73.66050000000043,-75.00820000000019,351.5470000000017,356.99499999999887,373.2459999999993,2.5716399999996384,1.6431845723429646,1,89.57470010905247
1.70222,1.9,33.5794,-33.967,351.561,353.4,357.987,73.66050000000043,-75.00820000000019,351.5470000000017,356.99499999999887,373.2459999999993,19.99805999999942,1.6431845723429646,1,18.928865339944423
1.70222,1.94444,34.0918,-34.48,351.56,353.374,357.993,73.66050000000043,-75.00820000000019,351.5470000000017,356.99499999999887,373.2459999999993,19.79677999999942,1.6431845723429646,1,19.74484438913102
1.70222,1.98889,34.6034,-34.9912,351.558,353.35,358.0,73.66050000000043,-75.00820000000019,351.5470000000017,356.99499999999887,373.2459999999993,19.595219999999415,1.6431845723429646,1,20.561958544308155
1.70222,2.03333,35.1116,-35.4927,351.557,353.326,358.013,73.66050000000043,-75.00820000000019,351.5470000000017,356.99499999999887,373.2459999999993,19.395279999999424,1.6431845723429646,1,21.37250530054007
1.70222,2.07778,35.6232,-36.0036,351.555,353.303,358.02,73.66050000000043,-75.00820000000019,351.5470000000017,356.99499999999887,373.2459999999993,19.19357999999943,1.6431845723429646,1,22.190187008712424
1.70222,2.12222,35.6232,-36.0036,351.555,353.303,358.02,73.66050000000043,-75.00820000000019,351.5470000000017,356.99499999999887,373.2459999999993,19.19357999999943,1.6431845723429646,1,22.190187008712424
1.70222,2.16667,35.6232,-36.0036,351.555,353.303,358.02,73.66050000000043,-75.00820000000019,351.5470000000017,356.99499999999887,373.2459999999993,19.19357999999943,1.6431845723429646,1,22.190187008712424
1.70222,2.21111,35.6232,-36.0036,351.555,353.303,358.02,73.66050000000043,-75.00820000000019,351.5470000000017,356.99499999999887,373.2459999999993,19.19357999999943,1.6431845723429646,1,22.190187008712424
1.70222,2.25556,35.6232,-36.0036,351.555,353.303,358.02,73.66050000000043,-75.00820000000019,351.5470000000017,356.99499999999887,373.2459999999993,19.19357999999943,1.6431845723429646,1,22.190187008712424
1.70222,2.3,35.6232,-36.0036,351.555,353.303,358.02,73.66050000000043,-75.00820000000019,351.5470000000017,356.99499999999887,373.2459999999993,19.19357999999943,1.6431845723429646,1,22.190187008712424
1.75111,1.9,28.0019,-28.4077,351.561,353.428,357.342,73.66050000000043,-75.00820000000019,351.5470000000017,356.99499999999887,373.2459999999993,22.34881999999942,1.6431845723429646,1,9.399001917518557
1.75111,1.94444,28.433,-28.8384,351.56,353.402,357.35,73.66050000000043,-75.00820000000019,351.5470000000017,356.99499999999887,373.2459999999993,22.17985999999942,1.6431845723429646,1,10.083957303799206
1.75111,1.98889,28.8585,-29.2624,351.558,353.381,357.357,73.66050000000043,-75.00820000000019,351.5470000000017,356.99499999999887,373.2459999999993,22.012359999999422,1.6431845723429646,1,10.76299392312925
1.75111,2.03333,29.2843,-29.6871,351.557,353.36,357.363,73.66050000000043,-75.00820000000019,351.5470000000017,356.99499999999887,373.2459999999993,21.84505999999942,1.6431845723429646,1,11.44121975246608
1.75111,2.07778,29.7129,-30.1161,351.556,353.336,357.366,73.66050000000043,-75.00820000000019,351.5470000000017,356.99499999999887,373.2459999999993,21.677539999999418,1.6431845723429646,1,12.120337450795482
1.75111,2.12222,30.1353,-30.5394,351.555,353.312,357.363,73.66050000000043,-75.00820000000019,351.5470000000017,356.99499999999887,373.2459999999993,21.51359999999942,1.6431845723429646,1,12.784942008246036
1.75111,2.16667,30.5595,-30.9617,351.553,353.295,357.37,73.66050000000043,-75.00820000000019,351.5470000000017,356.99499999999887,373.2459999999993,21.345899999999414,1.6431845723429646,1,13.464789417569357
1.75111,2.21111,30.9855,-31.3867,351.552,353.277,357.376,73.66050000000043,-75.00820000000019,351.5470000000017,356.99499999999887,373.2459999999993,21.177899999999433,1.6431845723429646,1,14.145853011882414
1.75111,2.25556,31.412,-31.8121,351.551,353.259,357.381,73.66050000000043,-75.00820000000019,351.5470000000017,356.99499999999887,373.2459999999993,21.00991999999942,1.6431845723429646,1,14.82683552719628
1.75111,2.3,31.8391,-32.2383,351.55,353.24,357.386,73.66050000000043,-75.00820000000019,351.5470000000017,356.99499999999887,373.2459999999993,20.841859999999418,1.6431845723429646,1,15.508142358507392
1.8,1.9,22.4244,-22.8568,351.56,353.467,356.838,73.66050000000043,-75.00820000000019,351.5470000000017,356.99499999999887,373.2459999999993,24.667299999999422,1.6431845723429646,1,0.0
1.8,1.94444,22.7662,-23.1988,351.559,353.44,356.84,73.66050000000043,-75.00820000000019,351.5470000000017,356.99499999999887,373.2459999999993,24.535339999999433,1.6431845723429646,1,0.5349592375330614
1.8,1.98889,23.1091,-23.542,351.558,353.414,356.842,73.66050000000043,-75.00820000000019,351.5470000000017,356.99499999999887,373.2459999999993,24.402719999999427,1.6431845723429646,1,1.0725940820438429
1.8,2.03333,23.4526,-23.8837,351.556,353.396,356.85,73.66050000000043,-75.00820000000019,351.5470000000017,356.99499999999887,373.2459999999993,24.26727999999941,1.6431845723429646,1,1.6216610654592123
1.8,2.07778,23.7916,-24.2234,351.556,353.371,356.848,73.66050000000043,-75.00820000000019,351.5470000000017,356.99499999999887,373.2459999999993,24.13693999999942,1.6431845723429646,1,2.1500529040471172
1.8,2.12222,24.137,-24.5677,351.554,353.352,356.855,73.66050000000043,-75.00820000000019,351.5470000000017,356.99499999999887,373.2459999999993,24.000999999999415,1.6431845723429646,1,2.7011468624455137
1.8,2.16667,24.4797,-24.9104,351.554,353.33,356.857,73.66050000000043,-75.00820000000019,351.5470000000017,356.99499999999887,373.2459999999993,23.867919999999412,1.6431845723429646,1,3.2406465239407156
1.8,2.21111,24.8222,-25.253,351.553,353.309,356.858,73.66050000000043,-75.00820000000019,351.5470000000017,356.99499999999887,373.2459999999993,23.734699999999414,1.6431845723429646,1,3.780713738431163
1.8,2.25556,25.1644,-25.5954,351.552,353.289,356.86,73.66050000000043,-75.00820000000019,351.5470000000017,356.99499999999887,373.2459999999993,23.601179999999424,1.6431845723429646,1,4.321997137911415
1.8,2.3,25.505,-25.9346,351.551,353.274,356.864,73.66050000000043,-75.00820000000019,351.5470000000017,356.99499999999887,373.2459999999993,23.467219999999422,1.6431845723429646,1,4.865064275376829
